{
    "components": [
        {
            "cachedName": "Minecraft",
            "cachedRequires": [
                {
                    "suggests": "3.3.3",
                    "uid": "org.lwjgl3"
                }
            ],
            "cachedVersion": "1.21.7",
            "important": true,
            "uid": "net.minecraft",
            "version": "1.21.7"
        },
        {
            "uid": "net.neoforged",
            "version": "21.7.14-beta"
        }
    ],
    "formatVersion": 1
}
