{
    "components": [
        {
            "cachedName": "Minecraft",
            "cachedRequires": [
                {
                    "suggests": "3.3.3",
                    "uid": "org.lwjgl3"
                }
            ],
            "cachedVersion": "1.20.6",
            "important": true,
            "uid": "net.minecraft",
            "version": "1.20.6"
        },
        {
            "uid": "net.neoforged",
            "version": "20.6.136"
        }
    ],
    "formatVersion": 1
}
